"Path","Platform","Compiled","Cooked","Permutations","Compiletime","CompiledDouble","CookedDouble"
"Globals","0","2","0","1","0.000000","0","0"
"/ControlRig/Controls/ControlRigGizmoMaterial.ControlRigGizmoMaterial","0","2","2","1","0.000000","0","2"
"/MeshModelingToolset/Materials/M_DynamicMeshComponentVtxColor.M_DynamicMeshComponentVtxColor","0","7","9","1","0.000000","0","9"
"/Engine/EngineMaterials/NaniteHiddenSectionMaterial.NaniteHiddenSectionMaterial","0","12","14","1","13.931893","0","14"
"/Engine/EditorMaterials/PhAT_UnselectedMaterial.PhAT_UnselectedMaterial","0","3","3","1","0.000000","0","3"
"/Engine/EditorMaterials/PhAT_NoCollisionMaterial.PhAT_NoCollisionMaterial","0","3","3","1","0.000000","0","3"
"/Engine/EngineMaterials/GizmoMaterial.GizmoMaterial","0","5","6","1","0.000000","0","6"
"/Engine/EngineDebugMaterials/DebugMeshMaterial.DebugMeshMaterial","0","5","5","1","0.000000","0","5"
"/Engine/EngineMaterials/RemoveSurfaceMaterial.RemoveSurfaceMaterial","0","2","2","1","0.000000","0","2"
"/Engine/EditorMaterials/Dataflow/DataflowVertexMaterial.DataflowVertexMaterial","0","6","6","1","0.000000","0","6"
"/Engine/BasicShapes/BasicShapeMaterial.BasicShapeMaterial","0","9","9","1","0.000000","0","9"
"/Engine/EngineDebugMaterials/DebugEditorMaterial.DebugEditorMaterial","0","5","6","1","0.000000","0","6"
"/ControlRig/Controls/ControlRigXRayMaterial.ControlRigXRayMaterial","0","6","7","1","0.000000","0","7"
"/Water/Materials/WaterInfo/DrawWaterInfo.DrawWaterInfo","0","12","12","1","0.000000","0","12"
"/HairStrands/Materials/HairMeshesDefaultMaterial.HairMeshesDefaultMaterial","0","33","36","1","0.000000","0","36"
"/Engine/EditorMaterials/Dataflow/DataflowTwoSidedVertexMaterial.DataflowTwoSidedVertexMaterial","0","12","14","1","1.922649","0","14"
"/Engine/EngineMaterials/DefaultLightFunctionMaterial.DefaultLightFunctionMaterial","0","25","25","1","0.000000","0","25"
"/HairStrands/Materials/HairCardsDefaultMaterial.HairCardsDefaultMaterial","0","57","63","1","0.000000","0","63"
"/HairStrands/Materials/HairDefaultMaterial.HairDefaultMaterial","0","33","36","1","0.000000","0","36"
"/Engine/EditorLandscapeResources/SplineEditorMeshMat.SplineEditorMeshMat","0","10","12","1","0.000000","0","12"
"/Engine/EngineDebugMaterials/M_SimpleUnlitTranslucent.M_SimpleUnlitTranslucent","0","3","3","1","0.000000","0","3"
"/Engine/EditorMaterials/Camera/CineMat.CineMat","0","6","6","1","0.000000","0","6"
"/Engine/VREditor/TransformGizmo/TranslucentTransformGizmoMaterial.TranslucentTransformGizmoMaterial","0","3","3","1","0.000000","0","3"
"/Engine/VREditor/TransformGizmo/Xray.Xray","0","3","3","1","0.000000","0","3"
"/Engine/VREditor/TransformGizmo/Main.Main","0","3","3","1","0.000000","0","3"
"/Game/Materials/M_EmissiveColor.M_EmissiveColor","0","3","3","1","0.000000","0","3"
"/Engine/EngineMaterials/FlattenMaterial_WS_Normal_VT.FlattenMaterial_WS_Normal_VT","0","6","6","1","13.212736","0","6"
"/Engine/EngineMaterials/PhAT_JointLimitMaterial.PhAT_JointLimitMaterial","0","6","7","1","8.950009","0","7"
"/Engine/EngineMaterials/DefaultPostProcessMaterial.DefaultPostProcessMaterial","0","7","7","1","3.228389","0","7"
"/Engine/EngineMaterials/DefaultDeferredDecalMaterial.DefaultDeferredDecalMaterial","0","33","33","1","38.384014","0","33"
"/Engine/EngineMaterials/WorldGridMaterial.WorldGridMaterial","0","385","0","1","0.000000","0","0"
"/Engine/EngineMaterials/Widget3DPassThrough.Widget3DPassThrough","0","41","46","6","53.736374","0","49"
"/Engine/EngineSky/VolumetricClouds/m_SimpleVolumetricCloud.m_SimpleVolumetricCloud","0","88","88","1","0.000000","0","88"
"/Game/Materials/CeilingLight/M_CeilingLight.M_CeilingLight","0","3","3","1","0.000000","0","3"
"/Game/Materials/Water/M_PoolRoomsWater.M_PoolRoomsWater","0","15","15","1","0.000000","0","15"
"/Game/Models/Sidewalk/Material.Material","0","3","3","1","0.000000","0","3"
"/Game/StarterContent/Particles/Materials/M_Heat_Distortion.M_Heat_Distortion","0","28","28","1","0.000000","0","28"
"/Game/Models/CamelMonster/MONSTER08MAT.MONSTER08MAT","0","6","6","1","0.000000","0","6"
"/Game/StarterContent/Particles/Materials/M_smoke_subUV.M_smoke_subUV","0","24","24","1","0.000000","0","24"
"/Game/Models/BlobMonster/defaultMat.defaultMat","0","6","6","1","0.000000","0","6"
"/Game/LevelPrototyping/Materials/M_PrototypeGrid.M_PrototypeGrid","0","6","6","2","7.489082","0","6"
"/Game/Materials/PostProcessing/M_FishEye.M_FishEye","0","5","5","1","2.984743","0","10"
"/InterchangeAssets/gltf/M_Unlit.M_Unlit","0","82","92","6","6.590919","0","92"
"/Game/MWLandscapeAutoMaterial/Materials/MASTER/MTL_MWAM_CoverFoliage_MASTER.MTL_MWAM_CoverFoliage_MASTER","0","112","128","4","0.000000","0","128"
"/Game/Characters/Mannequins/Materials/M_Mannequin.M_Mannequin","0","16","20","2","16.053024","0","30"
"/Game/FirstPersonArms/Character/Materials/M_Mannequin.M_Mannequin","0","16","20","2","2.277722","0","30"
"/Game/Materials/PoolTiles/M_TilesC.M_TilesC","0","3","3","1","0.000000","0","3"
"","0","1","0","1","0.000000","1","0"
"/InterchangeAssets/gltf/M_ClearCoat.M_ClearCoat","0","110","128","6","223.929474","0","128"
"/InterchangeAssets/gltf/M_Default.M_Default","0","110","128","6","137.391541","0","128"
"/InterchangeAssets/gltf/M_Sheen.M_Sheen","0","102","112","6","127.708191","0","112"
"/InterchangeAssets/gltf/M_Transmission.M_Transmission","0","28","28","2","298.478119","0","28"
"/InterchangeAssets/gltf/M_SpecularGlossiness.M_SpecularGlossiness","0","102","112","6","308.801575","0","112"
"/Water/Materials/WaterSurface/Water_Material.Water_Material","0","168","210","3","0.000000","0","280"
"/Game/MWLandscapeAutoMaterial/Materials/MASTER/MTL_MWAM_AutoMaterial_MASTER.MTL_MWAM_AutoMaterial_MASTER","0","6","6","2","0.000000","11","28"
"/Engine/EngineMaterials/FlattenMaterial_VT.FlattenMaterial_VT","0","6","6","1","5.077473","0","6"
"/Engine/EngineMaterials/FlattenMaterial.FlattenMaterial","0","9","9","1","7.126907","0","9"
"/Paper2D/DefaultSpriteMaterial.DefaultSpriteMaterial","0","36","42","2","66.902885","0","42"
"/Engine/VREditor/TransformGizmo/TransformGizmoMaterial.TransformGizmoMaterial","0","2","2","1","2.710890","0","2"
"/Engine/EngineDebugMaterials/M_VolumeRenderSphereTracePP.M_VolumeRenderSphereTracePP","0","5","5","1","4.451034","0","5"
"/Water/Materials/PostProcessing/M_UnderWater_PostProcess_Volume.M_UnderWater_PostProcess_Volume","0","9","10","1","0.000000","0","10"
"/AudioWidgets/AudioMaterialSlate/M_AudioMaterialKnob.M_AudioMaterialKnob","0","13","13","1","11.755319","0","13"
"/Landmass/Landscape/BlueprintBrushes/Materials/Internal/BrushBounds.BrushBounds","0","3","3","1","40.432457","0","3"
"/SpeedTreeImporter/SpeedTree9/SpeedTreeBillboardMaster.SpeedTreeBillboardMaster","0","28","32","1","68.985352","0","32"
"/ControlRig/M_Manip.M_Manip","0","6","7","1","8.447906","0","7"
"/Engine/EngineMaterials/M_InvalidLightmapSettings.M_InvalidLightmapSettings","0","6","6","1","8.583206","0","6"
"/Engine/EngineMaterials/EmissiveMeshMaterial.EmissiveMeshMaterial","0","10","10","1","13.385708","0","10"
"/AudioWidgets/AudioMaterialSlate/M_AudioMaterialEnvelope_ADSR.M_AudioMaterialEnvelope_ADSR","0","23","25","1","34.035366","0","25"
"/Engine/EngineMaterials/DefaultTextMaterialOpaque.DefaultTextMaterialOpaque","0","14","16","1","26.585501","0","16"
"/AudioWidgets/AudioMaterialSlate/M_AudioMaterialRoundedSlider.M_AudioMaterialRoundedSlider","0","23","25","1","28.979465","0","25"
"/AudioWidgets/AudioMaterialSlate/M_AudioMaterialToggleButton.M_AudioMaterialToggleButton","0","13","13","1","10.846365","0","13"
"/AudioWidgets/AudioMaterialSlate/M_AudioMaterialMeter.M_AudioMaterialMeter","0","13","13","1","9.577590","0","13"
"/Landmass/Landscape/BlueprintBrushes/Materials/Sprite/M_BrushSprite_01.M_BrushSprite_01","0","13","15","1","26.041859","0","15"
"/Engine/VREditor/SnapGrid/SnapGridMaterial.SnapGridMaterial","0","10","10","1","14.464631","0","10"
"/Engine/EngineMaterials/DefaultMaterial.DefaultMaterial","0","24","24","1","21.951216","0","24"
"/Engine/EngineMaterials/PPM_DefaultCalibrationGrayscale.PPM_DefaultCalibrationGrayscale","0","5","5","1","3.622799","0","5"
"/Engine/EngineMaterials/PPM_DefaultCalibrationColor.PPM_DefaultCalibrationColor","0","5","5","1","2.128041","0","5"
"/SpeedTreeImporter/SpeedTree9/SpeedTreeMaster.SpeedTreeMaster","0","28","0","1","0.000000","0","0"
"/Engine/EditorMaterials/PreviewShadowIndicatorMaterial.PreviewShadowIndicatorMaterial","0","25","0","1","0.000000","0","0"
"/HairStrands/Materials/HairDebugMaterial.HairDebugMaterial","0","57","0","1","0.000000","0","0"
"/Engine/EngineMaterials/FlattenMaterial_VT.FlattenMaterial_VT","49","16","16","1","19.709829","0","16"
"/Engine/EngineMaterials/FlattenMaterial.FlattenMaterial","49","22","22","1","34.257900","0","22"
"/Engine/EngineMaterials/M_InvalidLightmapSettings.M_InvalidLightmapSettings","49","16","16","1","20.234844","0","16"
"/Engine/EngineMaterials/EmissiveMeshMaterial.EmissiveMeshMaterial","49","17","17","1","18.523468","0","17"
"/ControlRig/M_Manip.M_Manip","49","11","12","1","14.622070","0","12"
"/Paper2D/DefaultSpriteMaterial.DefaultSpriteMaterial","49","56","62","2","41.438629","0","62"
"/Engine/EngineMaterials/DefaultTextMaterialOpaque.DefaultTextMaterialOpaque","49","21","23","1","13.524424","0","23"
"/Engine/EngineMaterials/DefaultMaterial.DefaultMaterial","49","45","45","1","34.458691","0","45"
"/Engine/VREditor/TransformGizmo/TransformGizmoMaterial.TransformGizmoMaterial","49","7","7","1","7.661055","0","7"
"/Engine/EngineDebugMaterials/M_VolumeRenderSphereTracePP.M_VolumeRenderSphereTracePP","49","7","7","1","4.080682","0","7"
"/HairStrands/Materials/HairDebugMaterial.HairDebugMaterial","49","72","78","1","87.438156","0","0"
"/Engine/EditorMaterials/PreviewShadowIndicatorMaterial.PreviewShadowIndicatorMaterial","49","67","67","1","42.585995","0","0"
"/ControlRig/Controls/ControlRigGizmoMaterial.ControlRigGizmoMaterial","49","0","7","1","0.000000","0","0"
"/MeshModelingToolset/Materials/M_DynamicMeshComponentVtxColor.M_DynamicMeshComponentVtxColor","49","0","14","1","0.000000","0","0"
"/Engine/EngineDebugMaterials/DebugMeshMaterial.DebugMeshMaterial","49","0","10","1","0.000000","0","0"
"/Engine/EngineMaterials/RemoveSurfaceMaterial.RemoveSurfaceMaterial","49","0","7","1","0.000000","0","0"
"/Engine/EditorMaterials/PhAT_UnselectedMaterial.PhAT_UnselectedMaterial","49","0","8","1","0.000000","0","0"
"/Engine/EditorMaterials/PhAT_NoCollisionMaterial.PhAT_NoCollisionMaterial","49","0","8","1","0.000000","0","0"
"/Engine/EngineMaterials/GizmoMaterial.GizmoMaterial","49","0","11","1","0.000000","0","0"
"/Water/Materials/WaterInfo/DrawWaterInfo.DrawWaterInfo","49","0","32","1","0.000000","0","0"
"/ControlRig/Controls/ControlRigXRayMaterial.ControlRigXRayMaterial","49","0","12","1","0.000000","0","0"
"/Engine/EditorMaterials/Dataflow/DataflowVertexMaterial.DataflowVertexMaterial","49","0","11","1","0.000000","0","0"
"/Engine/BasicShapes/BasicShapeMaterial.BasicShapeMaterial","49","0","27","1","0.000000","0","0"
"/Engine/EngineDebugMaterials/DebugEditorMaterial.DebugEditorMaterial","49","0","11","1","0.000000","0","0"
"/HairStrands/Materials/HairMeshesDefaultMaterial.HairMeshesDefaultMaterial","49","0","45","1","0.000000","0","0"
"/HairStrands/Materials/HairCardsDefaultMaterial.HairCardsDefaultMaterial","49","0","78","1","0.000000","0","0"
"/Engine/EngineMaterials/DefaultLightFunctionMaterial.DefaultLightFunctionMaterial","49","0","67","1","0.000000","0","0"
"/Engine/VREditor/TransformGizmo/TranslucentTransformGizmoMaterial.TranslucentTransformGizmoMaterial","49","0","8","1","0.000000","0","0"
"/HairStrands/Materials/HairDefaultMaterial.HairDefaultMaterial","49","0","45","1","0.000000","0","0"
"/Engine/EditorLandscapeResources/SplineEditorMeshMat.SplineEditorMeshMat","49","0","24","1","0.000000","0","0"
"/Engine/EngineDebugMaterials/M_SimpleUnlitTranslucent.M_SimpleUnlitTranslucent","49","0","8","1","0.000000","0","0"
"/Engine/EditorMaterials/Camera/CineMat.CineMat","49","0","14","1","0.000000","0","0"
"/Engine/VREditor/TransformGizmo/Xray.Xray","49","0","8","1","0.000000","0","0"
"/Engine/VREditor/TransformGizmo/Main.Main","49","0","8","1","0.000000","0","0"
"/Game/Materials/M_EmissiveColor.M_EmissiveColor","49","0","8","1","0.000000","0","0"
"/SpeedTreeImporter/SpeedTree9/SpeedTreeMaster.SpeedTreeMaster","49","42","46","1","43.260719","0","0"
"/Engine/EngineMaterials/PPM_DefaultCalibrationColor.PPM_DefaultCalibrationColor","49","7","7","1","6.084630","0","7"
"/Engine/EngineMaterials/PPM_DefaultCalibrationGrayscale.PPM_DefaultCalibrationGrayscale","49","7","7","1","1.225192","0","7"
"/Engine/EngineMaterials/Widget3DPassThrough.Widget3DPassThrough","49","67","80","6","40.978600","0","72"
"/Engine/VREditor/SnapGrid/SnapGridMaterial.SnapGridMaterial","49","18","18","1","22.735254","0","18"
"/Landmass/Landscape/BlueprintBrushes/Materials/Sprite/M_BrushSprite_01.M_BrushSprite_01","49","20","22","1","16.941925","0","22"
"/AudioWidgets/AudioMaterialSlate/M_AudioMaterialMeter.M_AudioMaterialMeter","49","15","15","1","6.218734","0","15"
"/AudioWidgets/AudioMaterialSlate/M_AudioMaterialRoundedSlider.M_AudioMaterialRoundedSlider","49","27","29","1","10.322702","0","29"
"/AudioWidgets/AudioMaterialSlate/M_AudioMaterialEnvelope_ADSR.M_AudioMaterialEnvelope_ADSR","49","27","29","1","8.996091","0","29"
"/AudioWidgets/AudioMaterialSlate/M_AudioMaterialKnob.M_AudioMaterialKnob","49","15","15","1","3.459296","0","15"
"/AudioWidgets/AudioMaterialSlate/M_AudioMaterialToggleButton.M_AudioMaterialToggleButton","49","15","15","1","5.337968","0","15"
"/Landmass/Landscape/BlueprintBrushes/Materials/Internal/BrushBounds.BrushBounds","49","8","8","1","8.054904","0","8"
"/SpeedTreeImporter/SpeedTree9/SpeedTreeBillboardMaster.SpeedTreeBillboardMaster","49","42","46","1","40.825394","0","46"
"","49","1","0","1","0.000000","1","0"
"/Game/Materials/CeilingLight/M_CeilingLight.M_CeilingLight","49","0","13","1","0.000000","0","0"
"/Game/Models/Sidewalk/Material.Material","49","0","13","1","0.000000","0","0"
"/Game/StarterContent/Particles/Materials/M_Heat_Distortion.M_Heat_Distortion","49","0","36","1","0.000000","0","0"
"/Engine/EngineMaterials/NaniteHiddenSectionMaterial.NaniteHiddenSectionMaterial","49","0","21","1","0.000000","0","0"
"/Engine/EditorMaterials/Dataflow/DataflowTwoSidedVertexMaterial.DataflowTwoSidedVertexMaterial","49","0","19","1","0.000000","0","0"
"/Engine/EngineSky/VolumetricClouds/m_SimpleVolumetricCloud.m_SimpleVolumetricCloud","49","0","92","1","0.000000","0","0"
"/Game/Models/CamelMonster/MONSTER08MAT.MONSTER08MAT","49","0","11","1","0.000000","0","0"
"/Game/StarterContent/Particles/Materials/M_smoke_subUV.M_smoke_subUV","49","0","32","1","0.000000","0","0"
"/Game/Materials/Water/M_PoolRoomsWater.M_PoolRoomsWater","49","0","32","1","0.000000","0","0"
"/Game/FirstPersonArms/Character/Materials/M_Mannequin.M_Mannequin","49","0","30","2","0.000000","0","15"
"/Game/Characters/Mannequins/Materials/M_Mannequin.M_Mannequin","49","0","30","2","0.000000","0","30"
"/Game/Materials/PoolTiles/M_TilesC.M_TilesC","49","0","13","1","0.000000","0","0"
"/Game/MWLandscapeAutoMaterial/Materials/MASTER/MTL_MWAM_CoverFoliage_MASTER.MTL_MWAM_CoverFoliage_MASTER","49","0","520","4","0.000000","0","0"
"/InterchangeAssets/gltf/M_Unlit.M_Unlit","49","0","212","6","0.000000","0","0"
"/Game/Models/BlobMonster/defaultMat.defaultMat","49","0","11","1","0.000000","0","0"
"/Game/Materials/PostProcessing/M_FishEye.M_FishEye","49","0","7","1","0.000000","0","7"
"/Engine/EngineMaterials/FlattenMaterial_WS_Normal_VT.FlattenMaterial_WS_Normal_VT","49","0","16","1","0.000000","0","0"
"/Engine/EngineMaterials/PhAT_JointLimitMaterial.PhAT_JointLimitMaterial","49","0","12","1","0.000000","0","0"
"/Game/LevelPrototyping/Materials/M_PrototypeGrid.M_PrototypeGrid","49","0","16","2","0.000000","0","0"
"/Water/Materials/WaterSurface/Water_Material.Water_Material","49","0","285","3","0.000000","0","190"
"/Game/MWLandscapeAutoMaterial/Materials/MASTER/MTL_MWAM_AutoMaterial_MASTER.MTL_MWAM_AutoMaterial_MASTER","49","0","26","2","0.000000","0","50"
"/Water/Materials/PostProcessing/M_UnderWater_PostProcess_Volume.M_UnderWater_PostProcess_Volume","49","0","16","1","0.000000","0","0"
"/Engine/EngineMaterials/DefaultPostProcessMaterial.DefaultPostProcessMaterial","49","0","9","1","0.000000","0","0"
"/InterchangeAssets/gltf/M_Sheen.M_Sheen","49","0","166","6","0.000000","0","0"
"/InterchangeAssets/gltf/M_Transmission.M_Transmission","49","0","54","2","0.000000","0","0"
"/InterchangeAssets/gltf/M_Default.M_Default","49","0","182","6","0.000000","0","0"
"/InterchangeAssets/gltf/M_ClearCoat.M_ClearCoat","49","0","182","6","0.000000","0","0"
"/InterchangeAssets/gltf/M_SpecularGlossiness.M_SpecularGlossiness","49","0","166","6","0.000000","0","0"
"/Engine/EngineMaterials/DefaultDeferredDecalMaterial.DefaultDeferredDecalMaterial","49","0","40","1","0.000000","0","0"
